{
  "n_nets": 3380,
  "n_matched": 3169,
  "n_unmatched": 211,
  "tot_mape_mean": 8.097805299205584,
  "tot_mape_median": 5.772574921498462,
  "tot_mape_p95": 24.52756512420349,
  "gnd_mape_matched_mean": 27.24835284791474,
  "gnd_mape_matched_median": 19.84527296324054,
  "gnd_mape_unmatched_mean": 35.606358588097564,
  "cpl_mape_matched_mean": 18.703815931646993,
  "cpl_mape_matched_median": 14.116417985856126,
  "cpl_mape_unmatched_mean": 40.60184765194609,
  "r_squared_c": 0.989697137502675,
  "seed": 4
}