{
  "n_nets": 3380,
  "n_matched": 3169,
  "n_unmatched": 211,
  "tot_mape_mean": 8.106383575371549,
  "tot_mape_median": 5.768804744765747,
  "tot_mape_p95": 24.19210813251497,
  "gnd_mape_matched_mean": 27.263182495684863,
  "gnd_mape_matched_median": 19.872987004055705,
  "gnd_mape_unmatched_mean": 35.606358588097564,
  "cpl_mape_matched_mean": 18.650458854184333,
  "cpl_mape_matched_median": 14.25893490933843,
  "cpl_mape_unmatched_mean": 40.60184765194609,
  "r_squared_c": 0.9901352767017709,
  "seed": 2
}