{
  "index_pass_s": 9.751056110020727,
  "kdtree_build_s": 0.02368011185899377,
  "spef_write_s": 18.39435645006597,
  "nets_written": 3380,
  "nets_skipped": 0,
  "nets_total": 3380,
  "n_workers_pass2": 16,
  "chunksize_pass2": 52,
  "wall_clock_s": 28.181321554118767
}