{
  "index_pass_s": 9.5885890040081,
  "kdtree_build_s": 0.05866598291322589,
  "spef_write_s": 17.50832231109962,
  "nets_written": 3380,
  "nets_skipped": 0,
  "nets_total": 3380,
  "n_workers_pass2": 16,
  "chunksize_pass2": 52,
  "wall_clock_s": 27.166731896810234
}