metric,n,mape_mean,mape_median,mape_p90,ci_lo,ci_hi,bias_pct,r2_lin,r2_log,g_mean,p_mean
total_cap,3280,8.109445951054328,6.182686411434653,16.357938048992224,7.828673451935035,8.407335557606507,-0.7972935614671235,0.9692555275783076,0.9871558841850558,1.3581915077134148,1.3035718484756098
c_gnd,3280,21.08743938442634,16.898693358225096,43.69957145841764,20.464974366870305,21.702113538976644,1.302302636627094,0.9498678943544578,0.9536101214542343,0.5324178090083537,0.492848791402439
c_cpl_total,3280,17.513761505534003,13.293885121121463,36.24224373886016,16.912547457150016,18.099709072784382,5.017847276832951,0.9463683679799748,0.9667556594650177,0.8257737370198017,0.8107231288510975
total_res,3280,11.924690195612245,7.211518846049448,27.74758851611909,11.437652965823057,12.405335150024689,-4.770958542566532,0.9392597207988916,0.8876442788162435,250.67485721067075,224.5406311280488
