{
  "seed": 1,
  "variant": "c1a_modeB",
  "isotonic_info": {
    "variant": "c1a_modeB",
    "threshold_compact_gnd_fF": 11.055103806979806,
    "n_val_modeB": 126,
    "n_test_modeB": 683,
    "ir_x_min": 2.7751288414001465,
    "ir_x_max": 27.08201026916504
  },
  "baseline_valid": {
    "gnd_mape_median": 0.19330213506717076,
    "gnd_mape_mean": 0.24242790524104496,
    "cpl_mape_median": 0.12853566117809545,
    "cpl_mape_mean": 0.15769431486939955,
    "total_mape_median": 0.09059305334251949,
    "total_mape_mean": 0.10218247675675482,
    "n_nets": 12594
  },
  "baseline_test": {
    "gnd_mape_median": 0.2053446876422788,
    "gnd_mape_mean": 0.2436519851995891,
    "cpl_mape_median": 0.1517466159098854,
    "cpl_mape_mean": 0.20178965958745562,
    "total_mape_median": 0.08399692740884279,
    "total_mape_mean": 0.09811661735696646,
    "n_nets": 95594
  },
  "baseline_top50_gnd": {
    "gnd_rel_err_median": 2.8434371052348597,
    "gnd_rel_err_mean": 3.1731866334609795,
    "gnd_rel_err_max": 8.336431060132062,
    "compact_gnd_median": 1.4566397007634495,
    "fanout_median": 92.0,
    "n": 50
  },
  "corrected_valid": {
    "gnd_mape_median": 0.19330213506717076,
    "gnd_mape_mean": 0.2423258185152273,
    "cpl_mape_median": 0.12853566117809545,
    "cpl_mape_mean": 0.15769431486939955,
    "total_mape_median": 0.09052737163477845,
    "total_mape_mean": 0.10210163241684948,
    "n_nets": 12594
  },
  "corrected_test": {
    "gnd_mape_median": 0.20538087998253693,
    "gnd_mape_mean": 0.24371510269117327,
    "cpl_mape_median": 0.1517466159098854,
    "cpl_mape_mean": 0.20178965958745562,
    "total_mape_median": 0.08400782765514983,
    "total_mape_mean": 0.09813201460554148,
    "n_nets": 95594
  },
  "corrected_top50_gnd": {
    "gnd_rel_err_median": 2.8434371052348597,
    "gnd_rel_err_mean": 3.1731866334609795,
    "gnd_rel_err_max": 8.336431060132062,
    "compact_gnd_median": 1.4566397007634495,
    "fanout_median": 92.0,
    "n": 50
  },
  "final_valid": {
    "gnd_mape_median": 0.19330213506717076,
    "gnd_mape_mean": 0.2423258185152273,
    "cpl_mape_median": 0.12853566117809545,
    "cpl_mape_mean": 0.15769431486939955,
    "total_mape_median": 0.09052737163477845,
    "total_mape_mean": 0.10210163241684948,
    "n_nets": 12594
  },
  "final_test": {
    "gnd_mape_median": 0.20538087998253693,
    "gnd_mape_mean": 0.24371510269117327,
    "cpl_mape_median": 0.1517466159098854,
    "cpl_mape_mean": 0.20178965958745562,
    "total_mape_median": 0.08400782765514983,
    "total_mape_mean": 0.09813201460554148,
    "n_nets": 95594
  },
  "best_epoch": -1,
  "best_valid_total_mape": 0.09052737163477845,
  "best_valid_gnd_mape": 0.19330213506717076,
  "best_valid_cpl_mape": 0.12853566117809545,
  "elapsed_train_sec": 0.0,
  "calibration": "none_already_applied_in_baseline",
  "verdict": "C1 c1a_modeB: gnd 20.534% -> 20.538%, top50 284.3% -> 284.3%"
}