{
  "seed": 3,
  "variant": "c1a_modeB",
  "isotonic_info": {
    "variant": "c1a_modeB",
    "threshold_compact_gnd_fF": 11.055103806979806,
    "n_val_modeB": 126,
    "n_test_modeB": 683,
    "ir_x_min": 2.8654286861419678,
    "ir_x_max": 25.769920349121094
  },
  "baseline_valid": {
    "gnd_mape_median": 0.18580448490454596,
    "gnd_mape_mean": 0.24417624343557623,
    "cpl_mape_median": 0.12956233859977603,
    "cpl_mape_mean": 0.15951957801826988,
    "total_mape_median": 0.0730341733927254,
    "total_mape_mean": 0.0880094170899141,
    "n_nets": 12594
  },
  "baseline_test": {
    "gnd_mape_median": 0.19915829780080463,
    "gnd_mape_mean": 0.24375804290681607,
    "cpl_mape_median": 0.15803428521136131,
    "cpl_mape_mean": 0.20076215185625493,
    "total_mape_median": 0.08117266942745807,
    "total_mape_mean": 0.09725676540004531,
    "n_nets": 95594
  },
  "baseline_top50_gnd": {
    "gnd_rel_err_median": 2.862957310013729,
    "gnd_rel_err_mean": 3.529635067227693,
    "gnd_rel_err_max": 8.952399788153352,
    "compact_gnd_median": 1.4566397007634495,
    "fanout_median": 92.0,
    "n": 50
  },
  "corrected_valid": {
    "gnd_mape_median": 0.18579615912115044,
    "gnd_mape_mean": 0.24388915947207243,
    "cpl_mape_median": 0.12956233859977603,
    "cpl_mape_mean": 0.15951957801826988,
    "total_mape_median": 0.07294250916839282,
    "total_mape_mean": 0.08798358254275034,
    "n_nets": 12594
  },
  "corrected_test": {
    "gnd_mape_median": 0.1991706233820748,
    "gnd_mape_mean": 0.2438022884889317,
    "cpl_mape_median": 0.15803428521136131,
    "cpl_mape_mean": 0.20076215185625493,
    "total_mape_median": 0.08120931911870041,
    "total_mape_mean": 0.09727207464289275,
    "n_nets": 95594
  },
  "corrected_top50_gnd": {
    "gnd_rel_err_median": 2.862957310013729,
    "gnd_rel_err_mean": 3.529635067227693,
    "gnd_rel_err_max": 8.952399788153352,
    "compact_gnd_median": 1.4566397007634495,
    "fanout_median": 92.0,
    "n": 50
  },
  "final_valid": {
    "gnd_mape_median": 0.18579615912115044,
    "gnd_mape_mean": 0.24388915947207243,
    "cpl_mape_median": 0.12956233859977603,
    "cpl_mape_mean": 0.15951957801826988,
    "total_mape_median": 0.07294250916839282,
    "total_mape_mean": 0.08798358254275034,
    "n_nets": 12594
  },
  "final_test": {
    "gnd_mape_median": 0.1991706233820748,
    "gnd_mape_mean": 0.2438022884889317,
    "cpl_mape_median": 0.15803428521136131,
    "cpl_mape_mean": 0.20076215185625493,
    "total_mape_median": 0.08120931911870041,
    "total_mape_mean": 0.09727207464289275,
    "n_nets": 95594
  },
  "best_epoch": -1,
  "best_valid_total_mape": 0.07294250916839282,
  "best_valid_gnd_mape": 0.18579615912115044,
  "best_valid_cpl_mape": 0.12956233859977603,
  "elapsed_train_sec": 0.0,
  "calibration": "none_already_applied_in_baseline",
  "verdict": "C1 c1a_modeB: gnd 19.916% -> 19.917%, top50 286.3% -> 286.3%"
}