{
  "v7_ML_MAPE": 11.924690195612245,
  "analytic_MAPE": 15.618954798274515,
  "analytic_median": 14.525079772197246,
  "analytic_p90": 25.55482709773932,
  "analytic_bias": -15.593284149065534,
  "analytic_CI_95": [
    15.357586431532003,
    15.901464216074848
  ],
  "n_nets": 3380,
  "calibrated_sheet_R": {
    "M5": 0.5873214043209876,
    "M4": 0.6000473599999999,
    "M3": 0.6000473599999999,
    "M2": 0.582824,
    "M1": 0.713138328358209,
    "M9p": 0.18
  },
  "calibrated_via_R": {
    "v1": 11.6141,
    "v2": 13.0685,
    "v3": 13.0685,
    "v4": 13.0685,
    "v5": 13.0685,
    "v6": 13.0685,
    "v7": 13.0685
  },
  "wire_width_typ": {
    "M1": 0.068,
    "M2": 0.044,
    "M3": 0.044,
    "M4": 0.044,
    "M5": 0.044,
    "M6": 0.08,
    "M7": 0.08,
    "M8": 0.16,
    "M9p": 0.32
  }
}