{
  "v7_baseline_MAPE": 11.925,
  "B_metal_only_analytic_MAPE": 52.69602457776576,
  "B_metal_vs_true_metal_only": 5.340101177548656,
  "C_metal_plus_via_analytic_MAPE": 2.6082888478032142,
  "C_median_MAPE": 1.881311221098576,
  "C_bias": -2.0022562343699253,
  "calibrated_sheet_R": {
    "m5": 0.5873214043209876,
    "m4": 0.6000473599999999,
    "m3": 0.6000473599999999,
    "m2": 0.582824,
    "m1": 0.713138328358209
  },
  "calibrated_via_R": {
    "v1": 11.6141,
    "v2": 13.0685,
    "v3": 13.0685,
    "v4": 13.0685
  }
}