{
  "lgbm__seed0": {
    "name": "lgbm__seed0",
    "n": 3169,
    "mape_mean": 7.706477763833171,
    "mape_mean_lo": 7.485484675597554,
    "mape_mean_hi": 7.925319953460981,
    "mape_median": 6.048756239770564,
    "mape_p90": 16.40297276638256,
    "mape_p99": 31.457563681377508
  },
  "lgbm__seed1": {
    "name": "lgbm__seed1",
    "n": 3169,
    "mape_mean": 7.687496512565196,
    "mape_mean_lo": 7.467408796641452,
    "mape_mean_hi": 7.900819023023936,
    "mape_median": 6.109141251909704,
    "mape_p90": 16.573084836634212,
    "mape_p99": 31.206021405757593
  },
  "lgbm__seed2": {
    "name": "lgbm__seed2",
    "n": 3169,
    "mape_mean": 7.759087496803568,
    "mape_mean_lo": 7.537020000611865,
    "mape_mean_hi": 7.981693275212714,
    "mape_median": 6.05498822191553,
    "mape_p90": 16.718363837117412,
    "mape_p99": 31.8601016864456
  },
  "xgb__seed0": {
    "name": "xgb__seed0",
    "n": 3169,
    "mape_mean": 7.77587965029777,
    "mape_mean_lo": 7.559504023243738,
    "mape_mean_hi": 7.990413111771149,
    "mape_median": 6.0888456044669415,
    "mape_p90": 16.41525610402006,
    "mape_p99": 31.87226476769143
  },
  "mlp_hand_v2__seed0": {
    "name": "mlp_hand_v2__seed0",
    "n": 3169,
    "mape_mean": 8.845603096074356,
    "mape_mean_lo": 8.58493683733316,
    "mape_mean_hi": 9.11318330023501,
    "mape_median": 6.914817344981288,
    "mape_p90": 18.564190777777583,
    "mape_p99": 35.89583658915096
  },
  "mlp_hand_v2__seed1": {
    "name": "mlp_hand_v2__seed1",
    "n": 3169,
    "mape_mean": 8.76604658215763,
    "mape_mean_lo": 8.510227211225464,
    "mape_mean_hi": 9.032611836723632,
    "mape_median": 6.9038736076758385,
    "mape_p90": 18.322561032078188,
    "mape_p99": 35.962668644594395
  },
  "mlp_hand_v2__seed2": {
    "name": "mlp_hand_v2__seed2",
    "n": 3169,
    "mape_mean": 8.959684764698533,
    "mape_mean_lo": 8.699061438672933,
    "mape_mean_hi": 9.233160534934337,
    "mape_median": 6.908104088501297,
    "mape_p90": 19.063114310251276,
    "mape_p99": 36.614792361630805
  },
  "ENS_mean": {
    "name": "ENS_mean",
    "n": 3169,
    "mape_mean": 7.576623071718559,
    "mape_mean_lo": 7.366615986977842,
    "mape_mean_hi": 7.795511760396982,
    "mape_median": 6.0327626566354775,
    "mape_p90": 15.9185504591228,
    "mape_p99": 29.80572645302649
  },
  "ENS_median": {
    "name": "ENS_median",
    "n": 3169,
    "mape_mean": 7.4411974791339786,
    "mape_mean_lo": 7.236703544995087,
    "mape_mean_hi": 7.658408323981479,
    "mape_median": 5.809445354507639,
    "mape_p90": 15.656940289853454,
    "mape_p99": 30.251947641771395
  },
  "ENS_blend_val": {
    "name": "ENS_blend_val",
    "n": 3169,
    "mape_mean": 7.474287900779196,
    "mape_mean_lo": 7.2618706935252515,
    "mape_mean_hi": 7.68514676833888,
    "mape_median": 5.869656336840407,
    "mape_p90": 15.936093114572556,
    "mape_p99": 29.771573252005005
  },
  "blend_weights": {
    "lgbm__seed0": 0.27403924285812925,
    "lgbm__seed1": 0.22915592236523918,
    "lgbm__seed2": 0.20467399957299917,
    "xgb__seed0": 0.058068866906478014,
    "mlp_hand_v2__seed0": 0.0,
    "mlp_hand_v2__seed1": 0.23406196829715445,
    "mlp_hand_v2__seed2": 0.0
  }
}