{
  "physics_train": {
    "n": 160,
    "gnd_mape_mean": 0.4198855191327068,
    "cpl_mape_mean": 0.5970963821208474,
    "tot_mape_mean": 0.45695363366015285,
    "tot_mape_median": 0.4812095572835481,
    "tot_mape_p95": 0.6543461117178251,
    "pearson_r_total": 0.9771962670164448
  },
  "physics_valid": {
    "n": 40,
    "gnd_mape_mean": 0.43385632875625335,
    "cpl_mape_mean": 0.6071981044133514,
    "tot_mape_mean": 0.49446985983466585,
    "tot_mape_median": 0.516857630089313,
    "tot_mape_p95": 0.6839938643725921,
    "pearson_r_total": 0.9900066240677237
  },
  "init_train": {
    "n": 160,
    "gnd_mape_mean": 0.4198855191327068,
    "cpl_mape_mean": 0.5970963821208474,
    "tot_mape_mean": 0.45695363366015285,
    "tot_mape_median": 0.4812095572835481,
    "tot_mape_p95": 0.6543461117178251,
    "pearson_r_total": 0.9771962670164448
  },
  "init_valid": {
    "n": 40,
    "gnd_mape_mean": 0.43385632875625335,
    "cpl_mape_mean": 0.6071981044133514,
    "tot_mape_mean": 0.49446985983466585,
    "tot_mape_median": 0.516857630089313,
    "tot_mape_p95": 0.6839938643725921,
    "pearson_r_total": 0.9900066240677237
  },
  "final_train": {
    "n": 160,
    "gnd_mape_mean": 0.2224956229965222,
    "cpl_mape_mean": 0.28066874311270124,
    "tot_mape_mean": 0.14651098677289429,
    "tot_mape_median": 0.11104131627694172,
    "tot_mape_p95": 0.3790868009832724,
    "pearson_r_total": 0.9902140884230303
  },
  "final_valid": {
    "n": 40,
    "gnd_mape_mean": 0.19317104992629086,
    "cpl_mape_mean": 0.25600153319030267,
    "tot_mape_mean": 0.1362166332618567,
    "tot_mape_median": 0.11085492778576615,
    "tot_mape_p95": 0.3185397088602555,
    "pearson_r_total": 0.9987426421500128
  },
  "best_valid": 0.133328188902457,
  "best_step": 3500,
  "log": [
    {
      "step": 0,
      "train": {
        "n": 160,
        "gnd_mape_mean": 0.41137419268575337,
        "cpl_mape_mean": 0.5852299325996899,
        "tot_mape_mean": 0.42719666560938274,
        "tot_mape_median": 0.4541687239618656,
        "tot_mape_p95": 0.6366124298003087,
        "pearson_r_total": 0.9761605298309293
      },
      "valid": {
        "n": 40,
        "gnd_mape_mean": 0.4130775531761282,
        "cpl_mape_mean": 0.59521432755135,
        "tot_mape_mean": 0.4649117383502305,
        "tot_mape_median": 0.49008314974951256,
        "tot_mape_p95": 0.6681332890356493,
        "pearson_r_total": 0.9888824603686571
      },
      "lr": 0.0004999999555867817
    },
    {
      "step": 500,
      "train": {
        "n": 160,
        "gnd_mape_mean": 0.49512390210568125,
        "cpl_mape_mean": 0.2996209551138553,
        "tot_mape_mean": 0.20558623203740206,
        "tot_mape_median": 0.15320851418968154,
        "tot_mape_p95": 0.5101631563996324,
        "pearson_r_total": 0.9770603217572181
      },
      "valid": {
        "n": 40,
        "gnd_mape_mean": 0.3782277247229636,
        "cpl_mape_mean": 0.27216255481715923,
        "tot_mape_mean": 0.22035735846375304,
        "tot_mape_median": 0.1685930982823347,
        "tot_mape_p95": 0.5369797023800624,
        "pearson_r_total": 0.9876213912266586
      },
      "lr": 0.0004889439876814179
    },
    {
      "step": 1000,
      "train": {
        "n": 160,
        "gnd_mape_mean": 0.39303205643346806,
        "cpl_mape_mean": 0.42559735970563023,
        "tot_mape_mean": 0.16831718596546894,
        "tot_mape_median": 0.11930449509101931,
        "tot_mape_p95": 0.46408571584699493,
        "pearson_r_total": 0.9836124255053604
      },
      "valid": {
        "n": 40,
        "gnd_mape_mean": 0.3992124621733229,
        "cpl_mape_mean": 0.39162924933052884,
        "tot_mape_mean": 0.19600645699179955,
        "tot_mape_median": 0.16844044959668464,
        "tot_mape_p95": 0.4016544439803765,
        "pearson_r_total": 0.9940321092601283
      },
      "lr": 0.0004569456916263962
    },
    {
      "step": 1500,
      "train": {
        "n": 160,
        "gnd_mape_mean": 0.3753212439086038,
        "cpl_mape_mean": 0.38767941428568775,
        "tot_mape_mean": 0.17593052932038297,
        "tot_mape_median": 0.15424046857867058,
        "tot_mape_p95": 0.42810350784459794,
        "pearson_r_total": 0.9899702184402431
      },
      "valid": {
        "n": 40,
        "gnd_mape_mean": 0.24742188664607392,
        "cpl_mape_mean": 0.3989410993386002,
        "tot_mape_mean": 0.19334948387916812,
        "tot_mape_median": 0.16871378021369463,
        "tot_mape_p95": 0.4387446339453352,
        "pearson_r_total": 0.9976397170421946
      },
      "lr": 0.0004071372835848081
    },
    {
      "step": 2000,
      "train": {
        "n": 160,
        "gnd_mape_mean": 0.2602709515613661,
        "cpl_mape_mean": 0.2735388831614768,
        "tot_mape_mean": 0.1334658454436711,
        "tot_mape_median": 0.1061927677253289,
        "tot_mape_p95": 0.36410662269030636,
        "pearson_r_total": 0.9939696831580884
      },
      "valid": {
        "n": 40,
        "gnd_mape_mean": 0.21926695548764802,
        "cpl_mape_mean": 0.21403178703505227,
        "tot_mape_mean": 0.14297384022660622,
        "tot_mape_median": 0.1145530423897192,
        "tot_mape_p95": 0.3401253150220019,
        "pearson_r_total": 0.9987199672981398
      },
      "lr": 0.0003443943575713472
    },
    {
      "step": 2500,
      "train": {
        "n": 160,
        "gnd_mape_mean": 0.22756793675619108,
        "cpl_mape_mean": 0.2691605966436864,
        "tot_mape_mean": 0.14757870205203208,
        "tot_mape_median": 0.11793082341366215,
        "tot_mape_p95": 0.36707462817510306,
        "pearson_r_total": 0.9919425061788204
      },
      "valid": {
        "n": 40,
        "gnd_mape_mean": 0.2129952443541443,
        "cpl_mape_mean": 0.23099376785186196,
        "tot_mape_mean": 0.1532925338337455,
        "tot_mape_median": 0.11669896651067947,
        "tot_mape_p95": 0.36626833850102025,
        "pearson_r_total": 0.9986574579625153
      },
      "lr": 0.000274858628339885
    },
    {
      "step": 3000,
      "train": {
        "n": 160,
        "gnd_mape_mean": 0.23043290206786882,
        "cpl_mape_mean": 0.26131293709205916,
        "tot_mape_mean": 0.1481339768091849,
        "tot_mape_median": 0.12558342301709086,
        "tot_mape_p95": 0.39962416813869917,
        "pearson_r_total": 0.990314878381663
      },
      "valid": {
        "n": 40,
        "gnd_mape_mean": 0.1970721836106295,
        "cpl_mape_mean": 0.2434335868977036,
        "tot_mape_mean": 0.15217199852893398,
        "tot_mape_median": 0.11286439150941326,
        "tot_mape_p95": 0.3578483925536075,
        "pearson_r_total": 0.9984208683130046
      },
      "lr": 0.00020533673755150763
    },
    {
      "step": 3500,
      "train": {
        "n": 160,
        "gnd_mape_mean": 0.24041235523620735,
        "cpl_mape_mean": 0.2762150455860059,
        "tot_mape_mean": 0.1483934722189256,
        "tot_mape_median": 0.12145249714968445,
        "tot_mape_p95": 0.35320595872737864,
        "pearson_r_total": 0.9914434129195506
      },
      "valid": {
        "n": 40,
        "gnd_mape_mean": 0.19480568591866232,
        "cpl_mape_mean": 0.24639911478788928,
        "tot_mape_mean": 0.133328188902457,
        "tot_mape_median": 0.09819400834714487,
        "tot_mape_p95": 0.30192959002290265,
        "pearson_r_total": 0.9990089856682302
      },
      "lr": 0.00014263397226407706
    },
    {
      "step": 4000,
      "train": {
        "n": 160,
        "gnd_mape_mean": 0.2304414840851215,
        "cpl_mape_mean": 0.2966044671432835,
        "tot_mape_mean": 0.14947309054138064,
        "tot_mape_median": 0.11960810358551466,
        "tot_mape_p95": 0.38944917548438257,
        "pearson_r_total": 0.9896619365264878
      },
      "valid": {
        "n": 40,
        "gnd_mape_mean": 0.21266769281197986,
        "cpl_mape_mean": 0.2743707605615942,
        "tot_mape_mean": 0.14109140664998845,
        "tot_mape_median": 0.10863344625892471,