{
  "physics_train": {
    "n": 707,
    "gnd_mape_mean": 0.4427878203972181,
    "cpl_mape_mean": 0.527478688146607,
    "tot_mape_mean": 0.4365157707889998,
    "tot_mape_median": 0.451287442730759,
    "tot_mape_p95": 0.6200757075761016,
    "pearson_r_total": 0.9817490222901935
  },
  "physics_valid": {
    "n": 193,
    "gnd_mape_mean": 0.4291021285256647,
    "cpl_mape_mean": 0.5169345924607327,
    "tot_mape_mean": 0.4343458837684993,
    "tot_mape_median": 0.4558693109295182,
    "tot_mape_p95": 0.6302347373493219,
    "pearson_r_total": 0.9754040717804716
  },
  "init_train": {
    "n": 707,
    "gnd_mape_mean": 0.4427878203972181,
    "cpl_mape_mean": 0.527478688146607,
    "tot_mape_mean": 0.4365157707889998,
    "tot_mape_median": 0.451287442730759,
    "tot_mape_p95": 0.6200757075761016,
    "pearson_r_total": 0.9817490222901935
  },
  "init_valid": {
    "n": 193,
    "gnd_mape_mean": 0.4291021285256647,
    "cpl_mape_mean": 0.5169345924607327,
    "tot_mape_mean": 0.4343458837684993,
    "tot_mape_median": 0.4558693109295182,
    "tot_mape_p95": 0.6302347373493219,
    "pearson_r_total": 0.9754040717804716
  },
  "final_train": {
    "n": 707,
    "gnd_mape_mean": 0.2941391968072898,
    "cpl_mape_mean": 0.2594470797079497,
    "tot_mape_mean": 0.16106120729308523,
    "tot_mape_median": 0.12943292351061306,
    "tot_mape_p95": 0.41127817124586596,
    "pearson_r_total": 0.9416597343860266
  },
  "final_valid": {
    "n": 193,
    "gnd_mape_mean": 0.31645114960379145,
    "cpl_mape_mean": 0.2720047128341681,
    "tot_mape_mean": 0.1712505514459754,
    "tot_mape_median": 0.13529768288143554,
    "tot_mape_p95": 0.4023410815897256,
    "pearson_r_total": 0.9187429532615956
  },
  "best_valid": 0.17125055063014197,
  "best_step": 14999,
  "log": [
    {
      "step": 0,
      "train": {
        "n": 707,
        "gnd_mape_mean": 0.44409382152816274,
        "cpl_mape_mean": 0.5197809066366302,
        "tot_mape_mean": 0.43447052200979813,
        "tot_mape_median": 0.4509462236491536,
        "tot_mape_p95": 0.6187355420512175,
        "pearson_r_total": 0.9810661272181724
      },
      "valid": {
        "n": 193,
        "gnd_mape_mean": 0.43123235258946097,
        "cpl_mape_mean": 0.5096532135802485,
        "tot_mape_mean": 0.4337113569515206,
        "tot_mape_median": 0.45685511029005593,
        "tot_mape_p95": 0.6310536091564506,
        "pearson_r_total": 0.9715310654530276
      },
      "lr": 0.0004999999950651978
    },
    {
      "step": 1500,
      "train": {
        "n": 707,
        "gnd_mape_mean": 0.4329722854943725,
        "cpl_mape_mean": 0.2987707368947424,
        "tot_mape_mean": 0.21443843354020645,
        "tot_mape_median": 0.19289143822726554,
        "tot_mape_p95": 0.4753658183610954,
        "pearson_r_total": 0.9639756084415011
      },
      "valid": {
        "n": 193,
        "gnd_mape_mean": 0.41364826013199557,
        "cpl_mape_mean": 0.30940165112821655,
        "tot_mape_mean": 0.21504901769422655,
        "tot_mape_median": 0.19333254861063848,
        "tot_mape_p95": 0.46663228739305923,
        "pearson_r_total": 0.9516383124393553
      },
      "lr": 0.0004889731493904106
    },
    {
      "step": 3000,
      "train": {
        "n": 707,
        "gnd_mape_mean": 0.43646827168698493,
        "cpl_mape_mean": 0.4254017577454217,
        "tot_mape_mean": 0.2124382649678976,
        "tot_mape_median": 0.175222253856239,
        "tot_mape_p95": 0.5010318451802658,
        "pearson_r_total": 0.9603683268500007
      },
      "valid": {
        "n": 193,
        "gnd_mape_mean": 0.42241346424286585,
        "cpl_mape_mean": 0.43928784719574443,
        "tot_mape_mean": 0.20745289889630555,
        "tot_mape_median": 0.1753241145479161,
        "tot_mape_p95": 0.48207597507803257,
        "pearson_r_total": 0.9545306602790962
      },
      "lr": 0.0004570011210147296
    },
    {
      "step": 4500,
      "train": {
        "n": 707,
        "gnd_mape_mean": 0.43342199958960737,
        "cpl_mape_mean": 0.2839069607021137,
        "tot_mape_mean": 0.21637758543454375,
        "tot_mape_median": 0.19879023780391508,
        "tot_mape_p95": 0.4632024611092668,
        "pearson_r_total": 0.9687824482713931
      },
      "valid": {
        "n": 193,
        "gnd_mape_mean": 0.4099148999366691,
        "cpl_mape_mean": 0.2911119355880123,
        "tot_mape_mean": 0.2121092324165962,
        "tot_mape_median": 0.19723903930697204,
        "tot_mape_p95": 0.4571629508325871,
        "pearson_r_total": 0.9628305743281775
      },
      "lr": 0.00040721355483775426
    },
    {
      "step": 6000,
      "train": {
        "n": 707,
        "gnd_mape_mean": 0.45224343206955725,
        "cpl_mape_mean": 0.28741446323443626,
        "tot_mape_mean": 0.18039999076493018,
        "tot_mape_median": 0.1457276059660487,
        "tot_mape_p95": 0.4584492785612281,
        "pearson_r_total": 0.9655006167592571
      },
      "valid": {
        "n": 193,
        "gnd_mape_mean": 0.44310003338076337,
        "cpl_mape_mean": 0.29746765920061685,
        "tot_mape_mean": 0.19765367559774344,
        "tot_mape_median": 0.1531105600414227,
        "tot_mape_p95": 0.47829621884598306,
        "pearson_r_total": 0.9395819190783521
      },
      "lr": 0.0003444840047272536
    },
    {
      "step": 7500,
      "train": {
        "n": 707,
        "gnd_mape_mean": 0.38753678562773775,
        "cpl_mape_mean": 0.2766442165658468,
        "tot_mape_mean": 0.2089223501101292,
        "tot_mape_median": 0.1868861028946097,
        "tot_mape_p95": 0.4702472183485895,
        "pearson_r_total": 0.9530408094208381
      },
      "valid": {
        "n": 193,
        "gnd_mape_mean": 0.37615901804735113,
        "cpl_mape_mean": 0.2898823364715201,
        "tot_mape_mean": 0.20820525630347375,
        "tot_mape_median": 0.18934959301743876,
        "tot_mape_p95": 0.4564583286157026,
        "pearson_r_total": 0.9349437684985781
      },
      "lr": 0.00027495287611052405
    },
    {
      "step": 9000,
      "train": {
        "n": 707,
        "gnd_mape_mean": 0.3339722201544842,
        "cpl_mape_mean": 0.2657221962145071,
        "tot_mape_mean": 0.179960725117324,
        "tot_mape_median": 0.1518544472329978,
        "tot_mape_p95": 0.4468691018686436,
        "pearson_r_total": 0.9397866902228612
      },
      "valid": {
        "n": 193,
        "gnd_mape_mean": 0.315844811677012,
        "cpl_mape_mean": 0.27473783475861174,
        "tot_mape_mean": 0.18369830325468248,
        "tot_mape_median": 0.16970846252780059,
        "tot_mape_p95": 0.4278178959424929,
        "pearson_r_total": 0.9508209144290666
      },
      "lr": 0.00020542636030842668
    },
    {
      "step": 10500,
      "train": {
        "n": 707,
        "gnd_mape_mean": 0.3173156543517081,
        "cpl_mape_mean": 0.30668950852491966,
        "tot_mape_mean": 0.18365439864808847,
        "tot_mape_median": 0.15103344830803728,
        "tot_mape_p95": 0.4531934213949194,
        "pearson_r_total": 0.9222660420776411
      },
      "valid": {
        "n": 193,
        "gnd_mape_mean": 0.2959371177492942,
        "cpl_mape_mean": 0.33553852812387014,
        "tot_mape_mean": 0.19205188355694225,
        "tot_mape_median": 0.1493214766736271,
        "tot_mape_p95": 0.46057571737146846,
        "pearson_r_total": 0.9272859070480725
      },
      "lr": 0.0001427101971073857
    },
    {
      "step": 12000,
      "train": {
        "n": 707,
        "gnd_mape_mean": 0.31233011280647216,
        "cpl_mape_mean": 0.26406010479451075,
        "tot_mape_mean": 0.1763931985365772,
        "tot_mape_median": 0.149242561718664,
        "tot_mape_p95": 0.44181019967746876,
        "pearson_r_total": 0.9356311574256454
      },
      "valid": {
        "n": 193,
        "gnd_mape_mean": 0.30086184415634837,
        "cpl_mape_mean": 0.27970929205607115,
        "tot_mape_mean": 0.18055796558303416,
        "tot_mape_median": 0.15162771110111,