{
  "physics_train": {
    "n": 160,
    "gnd_mape_mean": 0.4198855191327068,
    "cpl_mape_mean": 0.5970963803558483,
    "tot_mape_mean": 0.4569536329225551,
    "tot_mape_median": 0.4812095409912683,
    "tot_mape_p95": 0.6543461112478044,
    "pearson_r_total": 0.9771962672417205
  },
  "physics_valid": {
    "n": 40,
    "gnd_mape_mean": 0.43385632875625335,
    "cpl_mape_mean": 0.6071980988446727,
    "tot_mape_mean": 0.494469857213027,
    "tot_mape_median": 0.5168576241803369,
    "tot_mape_p95": 0.6839938643725921,
    "pearson_r_total": 0.990006623886625
  },
  "init_train": {
    "n": 160,
    "gnd_mape_mean": 0.6277079570128162,
    "cpl_mape_mean": 0.600453478611353,
    "tot_mape_mean": 0.6379225531023167,
    "tot_mape_median": 0.6366368640246683,
    "tot_mape_p95": 0.7628994802451483,
    "pearson_r_total": 0.9881398287582053
  },
  "init_valid": {
    "n": 40,
    "gnd_mape_mean": 0.6661345975164658,
    "cpl_mape_mean": 0.6101745610568393,
    "tot_mape_mean": 0.6593319720989188,
    "tot_mape_median": 0.6701133562865413,
    "tot_mape_p95": 0.7730193420496079,
    "pearson_r_total": 0.9954533694194841
  },
  "final_train": {
    "n": 160,
    "gnd_mape_mean": 0.6110260417647608,
    "cpl_mape_mean": 0.3230962543733547,
    "tot_mape_mean": 0.2282219082457269,
    "tot_mape_median": 0.1564766582192246,
    "tot_mape_p95": 0.6286008544922451,
    "pearson_r_total": 0.9771962672417205
  },
  "final_valid": {
    "n": 40,
    "gnd_mape_mean": 0.42271816706748455,
    "cpl_mape_mean": 0.27580875339958766,
    "tot_mape_mean": 0.20568358598684341,
    "tot_mape_median": 0.12740764799074025,
    "tot_mape_p95": 0.576963658272652,
    "pearson_r_total": 0.990006623886625
  },
  "best_valid": 0.20568358598684341,
  "best_step": 300,
  "log": [
    {
      "step": 0,
      "train": {
        "n": 160,
        "gnd_mape_mean": 0.6284978583548353,
        "cpl_mape_mean": 0.3230962543733547,
        "tot_mape_mean": 0.45609569816212164,
        "tot_mape_median": 0.4631185804886365,
        "tot_mape_p95": 0.6282758850063067,
        "pearson_r_total": 0.9927578441064486
      },
      "valid": {
        "n": 40,
        "gnd_mape_mean": 0.6661345975164658,
        "cpl_mape_mean": 0.27580875339958766,
        "tot_mape_mean": 0.4796657341696907,
        "tot_mape_median": 0.4806027001173134,
        "tot_mape_p95": 0.6523842892317392,
        "pearson_r_total": 0.9981026662252097
      },
      "lr": 0.0004999998766299562
    },
    {
      "step": 300,
      "train": {
        "n": 160,
        "gnd_mape_mean": 0.6110260417647608,
        "cpl_mape_mean": 0.3230962543733547,
        "tot_mape_mean": 0.2282219082457269,
        "tot_mape_median": 0.1564766582192246,
        "tot_mape_p95": 0.6286008544922451,
        "pearson_r_total": 0.9771962672417205
      },
      "valid": {
        "n": 40,
        "gnd_mape_mean": 0.42271816706748455,
        "cpl_mape_mean": 0.27580875339958766,
        "tot_mape_mean": 0.20568358598684341,
        "tot_mape_median": 0.12740764799074025,
        "tot_mape_p95": 0.576963658272652,
        "pearson_r_total": 0.990006623886625
      },
      "lr": 0.0004889147884338725
    },
    {
      "step": 600,
      "train": {
        "n": 160,
        "gnd_mape_mean": 0.6110260417647608,
        "cpl_mape_mean": 0.3230962543733547,
        "tot_mape_mean": 0.2282219082457269,
        "tot_mape_median": 0.1564766582192246,
        "tot_mape_p95": 0.6286008544922451,
        "pearson_r_total": 0.9771962672417205
      },
      "valid": {
        "n": 40,
        "gnd_mape_mean": 0.42271816706748455,
        "cpl_mape_mean": 0.27580875339958766,
        "tot_mape_mean": 0.20568358598684341,
        "tot_mape_median": 0.12740764799074025,
        "tot_mape_p95": 0.576963658272652,
        "pearson_r_total": 0.990006623886625
      },
      "lr": 0.0004568902303139193
    },
    {
      "step": 900,
      "train": {
        "n": 160,
        "gnd_mape_mean": 0.6110260417647608,
        "cpl_mape_mean": 0.3230962543733547,
        "tot_mape_mean": 0.2282219082457269,
        "tot_mape_median": 0.1564766582192246,
        "tot_mape_p95": 0.6286008544922451,
        "pearson_r_total": 0.9771962672417205
      },
      "valid": {
        "n": 40,
        "gnd_mape_mean": 0.42271816706748455,
        "cpl_mape_mean": 0.27580875339958766,
        "tot_mape_mean": 0.20568358598684341,
        "tot_mape_median": 0.12740764799074025,
        "tot_mape_p95": 0.576963658272652,
        "pearson_r_total": 0.990006623886625
      },
      "lr": 0.0004070609891470855
    },
    {
      "step": 1200,
      "train": {
        "n": 160,
        "gnd_mape_mean": 0.6110260417647608,
        "cpl_mape_mean": 0.3230962543733547,
        "tot_mape_mean": 0.2282219082457269,
        "tot_mape_median": 0.1564766582192246,
        "tot_mape_p95": 0.6286008544922451,
        "pearson_r_total": 0.9771962672417205
      },
      "valid": {
        "n": 40,
        "gnd_mape_mean": 0.42271816706748455,
        "cpl_mape_mean": 0.27580875339958766,
        "tot_mape_mean": 0.20568358598684341,
        "tot_mape_median": 0.12740764799074025,
        "tot_mape_p95": 0.576963658272652,
        "pearson_r_total": 0.990006623886625
      },
      "lr": 0.00034430469823951897
    },
    {
      "step": 1500,
      "train": {
        "n": 160,
        "gnd_mape_mean": 0.6110260417647608,
        "cpl_mape_mean": 0.3230962543733547,
        "tot_mape_mean": 0.2282219082457269,
        "tot_mape_median": 0.1564766582192246,
        "tot_mape_p95": 0.6286008544922451,
        "pearson_r_total": 0.9771962672417205
      },
      "valid": {
        "n": 40,
        "gnd_mape_mean": 0.42271816706748455,
        "cpl_mape_mean": 0.27580875339958766,
        "tot_mape_mean": 0.20568358598684341,
        "tot_mape_median": 0.12740764799074025,
        "tot_mape_p95": 0.576963658272652,
        "pearson_r_total": 0.990006623886625
      },
      "lr": 0.00027476438059404205
    },
    {
      "step": 1800,
      "train": {
        "n": 160,
        "gnd_mape_mean": 0.6110260417647608,
        "cpl_mape_mean": 0.3230962543733547,
        "tot_mape_mean": 0.2282219082457269,
        "tot_mape_median": 0.1564766582192246,
        "tot_mape_p95": 0.6286008544922451,
        "pearson_r_total": 0.9771962672417205
      },
      "valid": {
        "n": 40,
        "gnd_mape_mean": 0.42271816706748455,
        "cpl_mape_mean": 0.27580875339958766,
        "tot_mape_mean": 0.20568358598684341,
        "tot_mape_median": 0.12740764799074025,
        "tot_mape_p95": 0.576963658272652,
        "pearson_r_total": 0.990006623886625
      },
      "lr": 0.0002052471270176771
    },
    {
      "step": 2100,
      "train": {
        "n": 160,
        "gnd_mape_mean": 0.6110260417647608,
        "cpl_mape_mean": 0.3230962543733547,
        "tot_mape_mean": 0.2282219082457269,
        "tot_mape_median": 0.1564766582192246,
        "tot_mape_p95": 0.6286008544922451,
        "pearson_r_total": 0.9771962672417205
      },
      "valid": {
        "n": 40,
        "gnd_mape_mean": 0.42271816706748455,
        "cpl_mape_mean": 0.27580875339958766,
        "tot_mape_mean": 0.20568358598684341,
        "tot_mape_median": 0.12740764799074025,
        "tot_mape_p95": 0.576963658272652,
        "pearson_r_total": 0.990006623886625
      },
      "lr": 0.00014255777064566406
    },
    {
      "step": 2400,
      "train": {
        "n": 160,
        "gnd_mape_mean": 0.6110260417647608,
        "cpl_mape_mean": 0.3230962543733547,
        "tot_mape_mean": 0.2282219082457269,
        "tot_mape_median": 0.1564766582192246,
        "tot_mape_p95": 0.6286008544922451,
        "pearson_r_total": 0.9771962672417205
      },
      "valid": {
        "n": 40,
        "gnd_mape_mean": 0.42271816706748455,
        "cpl_mape_mean": 0.27580875339958766,
        "tot_mape_mean": 0.20568358598684341,
        "tot_mape_median": 0.12740764799074025,
        "tot_mape_p95": 0.576963658272652,