{
  "physics_train": {
    "n": 707,
    "gnd_mape_mean": 0.4427878203972181,
    "cpl_mape_mean": 0.5274786880341964,
    "tot_mape_mean": 0.43651577067754577,
    "tot_mape_median": 0.451287442730759,
    "tot_mape_p95": 0.6200757093836382,
    "pearson_r_total": 0.9817490212808069
  },
  "physics_valid": {
    "n": 193,
    "gnd_mape_mean": 0.4291021285256647,
    "cpl_mape_mean": 0.5169345932697923,
    "tot_mape_mean": 0.4343458842261317,
    "tot_mape_median": 0.4558693109295182,
    "tot_mape_p95": 0.6302347373493219,
    "pearson_r_total": 0.9754040721589894
  },
  "init_train": {
    "n": 707,
    "gnd_mape_mean": 0.4427878203972181,
    "cpl_mape_mean": 0.5274786880341964,
    "tot_mape_mean": 0.43651577067754577,
    "tot_mape_median": 0.451287442730759,
    "tot_mape_p95": 0.6200757093836382,
    "pearson_r_total": 0.9817490212808069
  },
  "init_valid": {
    "n": 193,
    "gnd_mape_mean": 0.4291021285256647,
    "cpl_mape_mean": 0.5169345932697923,
    "tot_mape_mean": 0.4343458842261317,
    "tot_mape_median": 0.4558693109295182,
    "tot_mape_p95": 0.6302347373493219,
    "pearson_r_total": 0.9754040721589894
  },
  "final_train": {
    "n": 707,
    "gnd_mape_mean": 0.2874479657514354,
    "cpl_mape_mean": 0.25258725338966626,
    "tot_mape_mean": 0.15579657586953874,
    "tot_mape_median": 0.12382706433312124,
    "tot_mape_p95": 0.4180970134305582,
    "pearson_r_total": 0.9620138430131369
  },
  "final_valid": {
    "n": 193,
    "gnd_mape_mean": 0.32789011843314364,
    "cpl_mape_mean": 0.284595207508246,
    "tot_mape_mean": 0.17391525952390471,
    "tot_mape_median": 0.13188198804821344,
    "tot_mape_p95": 0.43713981226692045,
    "pearson_r_total": 0.9266165615119878
  },
  "best_valid": 0.1687782901559854,
  "best_step": 6000,
  "log": [
    {
      "step": 0,
      "train": {
        "n": 707,
        "gnd_mape_mean": 0.4822664931877374,
        "cpl_mape_mean": 0.492729325618639,
        "tot_mape_mean": 0.3403074170447284,
        "tot_mape_median": 0.37252664432876337,
        "tot_mape_p95": 0.5814319114657832,
        "pearson_r_total": 0.9727377239678898
      },
      "valid": {
        "n": 193,
        "gnd_mape_mean": 0.4698883407072152,
        "cpl_mape_mean": 0.48541454954235314,
        "tot_mape_mean": 0.3473858506875483,
        "tot_mape_median": 0.37192512354014,
        "tot_mape_p95": 0.5831767282004421,
        "pearson_r_total": 0.9510267120248933
      },
      "lr": 0.0004999999826510863
    },
    {
      "step": 1000,
      "train": {
        "n": 707,
        "gnd_mape_mean": 0.41743496736696034,
        "cpl_mape_mean": 0.3810143040141838,
        "tot_mape_mean": 0.20715370311642048,
        "tot_mape_median": 0.16877181336251215,
        "tot_mape_p95": 0.509217743027574,
        "pearson_r_total": 0.9597656558117266
      },
      "valid": {
        "n": 193,
        "gnd_mape_mean": 0.4076822839581357,
        "cpl_mape_mean": 0.42334433750731854,
        "tot_mape_mean": 0.22352801845094847,
        "tot_mape_median": 0.18681355961284923,
        "tot_mape_p95": 0.5996890707732615,
        "pearson_r_total": 0.9444239752958798
      },
      "lr": 0.0004828390659152752
    },
    {
      "step": 2000,
      "train": {
        "n": 707,
        "gnd_mape_mean": 0.4055683602989607,
        "cpl_mape_mean": 0.29359826508787873,
        "tot_mape_mean": 0.20682039660858212,
        "tot_mape_median": 0.18190532671651394,
        "tot_mape_p95": 0.496488575038543,
        "pearson_r_total": 0.9563864912612525
      },
      "valid": {
        "n": 193,
        "gnd_mape_mean": 0.41485451803125517,
        "cpl_mape_mean": 0.31606100434427853,
        "tot_mape_mean": 0.23225278626415088,
        "tot_mape_median": 0.19052095114975,
        "tot_mape_p95": 0.5551721704150315,
        "pearson_r_total": 0.8812761323691697
      },
      "lr": 0.0004340365354597079
    },
    {
      "step": 3000,
      "train": {
        "n": 707,
        "gnd_mape_mean": 0.33759462514241745,
        "cpl_mape_mean": 0.29273261767229686,
        "tot_mape_mean": 0.1796932449101019,
        "tot_mape_median": 0.149990041588736,
        "tot_mape_p95": 0.438658632051449,
        "pearson_r_total": 0.9398804341209995
      },
      "valid": {
        "n": 193,
        "gnd_mape_mean": 0.33558619875600826,
        "cpl_mape_mean": 0.3059574362083276,
        "tot_mape_mean": 0.1883211755127102,
        "tot_mape_median": 0.15412509467680563,
        "tot_mape_p95": 0.43739111980418827,
        "pearson_r_total": 0.9115188639931329
      },
      "lr": 0.0003610221341501826
    },
    {
      "step": 4000,
      "train": {
        "n": 707,
        "gnd_mape_mean": 0.30801359375348614,
        "cpl_mape_mean": 0.2613030296953043,
        "tot_mape_mean": 0.17129168227059952,
        "tot_mape_median": 0.1403914363405446,
        "tot_mape_p95": 0.4238916270925636,
        "pearson_r_total": 0.9498751633853051
      },
      "valid": {
        "n": 193,
        "gnd_mape_mean": 0.3185441538749342,
        "cpl_mape_mean": 0.2795835207938101,
        "tot_mape_mean": 0.1745206700294173,
        "tot_mape_median": 0.14631755834560184,
        "tot_mape_p95": 0.38923658010938533,
        "pearson_r_total": 0.9121269501754944
      },
      "lr": 0.00027491164270888077
    },
    {
      "step": 5000,
      "train": {
        "n": 707,
        "gnd_mape_mean": 0.31472488803462595,
        "cpl_mape_mean": 0.2857992975840591,
        "tot_mape_mean": 0.18077130821582849,
        "tot_mape_median": 0.14851360125501267,
        "tot_mape_p95": 0.452727117134547,
        "pearson_r_total": 0.9561609341637458
      },
      "valid": {
        "n": 193,
        "gnd_mape_mean": 0.31652789592188313,
        "cpl_mape_mean": 0.3004992171615125,
        "tot_mape_mean": 0.18432014439110314,
        "tot_mape_median": 0.1547452476434324,
        "tot_mape_p95": 0.4273453348146286,
        "pearson_r_total": 0.9368141021061426
      },
      "lr": 0.00018881460286418906
    },
    {
      "step": 6000,
      "train": {
        "n": 707,
        "gnd_mape_mean": 0.3014391399015791,
        "cpl_mape_mean": 0.26370118661687986,
        "tot_mape_mean": 0.15875407380858403,
        "tot_mape_median": 0.12892109844676378,
        "tot_mape_p95": 0.4133175932731167,
        "pearson_r_total": 0.949748197610412
      },
      "valid": {
        "n": 193,
        "gnd_mape_mean": 0.3193449563689189,
        "cpl_mape_mean": 0.27748800645262234,
        "tot_mape_mean": 0.1687782901559854,
        "tot_mape_median": 0.13896869248689248,
        "tot_mape_p95": 0.37996427225248736,
        "pearson_r_total": 0.9237029082971622
      },
      "lr": 0.00011583850846085217
    },
    {
      "step": 7000,
      "train": {
        "n": 707,
        "gnd_mape_mean": 0.2789642688711459,
        "cpl_mape_mean": 0.24360925075384862,
        "tot_mape_mean": 0.16276213506440074,
        "tot_mape_median": 0.1371219814997487,
        "tot_mape_p95": 0.4110787972791347,
        "pearson_r_total": 0.9583224931036111
      },
      "valid": {
        "n": 193,
        "gnd_mape_mean": 0.3102195350517962,
        "cpl_mape_mean": 0.26958792200391857,
        "tot_mape_mean": 0.17600595289650062,
        "tot_mape_median": 0.1465586928003018,
        "tot_mape_p95": 0.39795145847789815,
        "pearson_r_total": 0.93172831186297
      },
      "lr": 6.709330834183061e-05
    },
    {
      "step": 7999,
      "train": {
        "n": 707,
        "gnd_mape_mean": 0.28744796632606817,
        "cpl_mape_mean": 0.25258725452014674,
        "tot_mape_mean": 0.155796577627127,
        "tot_mape_median": 0.12382706433312124,
        "tot_mape_p95": 0.4180970134305582,
        "pearson_r_total": 0.9620138430650482
      },
      "valid": {
        "n": 193,
        "gnd_mape_mean": 0.32789011361008347,
        "cpl_mape_mean": 0.28459521588935477,
        "tot_mape_mean": 0.17391526048915554,
        "tot_mape_median": 0.13188189280954224,