{
  "_schema": "joint_pareto.measurement.v1",
  "variant_id": "v8_sakurai",
  "label": "Path-2 v8 Sakurai-Tamaru gnd allocator (16 workers)",
  "design": "intel22_tv80s_f3",
  "n_seeds": 5,
  "wall_clock_s": 28.40079134106636,
  "wall_clock_s_stdev": 0.3246912339051933,
  "wall_clock_per_seed": [
    27.934654630022123,
    28.47651401394978,
    28.74785574618727,
    28.225886738160625,
    28.619045577012002
  ],
  "mean_of_mean_mape": 8.076484293932845,
  "stdev_of_mean_mape": 0.044963141549084866,
  "mean_of_median_mape": 5.732962374320816,
  "stdev_of_median_mape": 0.06428758475453808,
  "mean_of_p95_mape": 24.351983552806814,
  "stdev_of_p95_mape": 0.1548387503666859,
  "gnd_matched_mean": 27.204085709559184,
  "gnd_matched_stdev": 0.22557372304115855,
  "gnd_unmatched_mean": 35.606358588097564,
  "gnd_unmatched_stdev": 3.891802844472395e-15,
  "cpl_matched_mean": 18.70086727210436,
  "cpl_matched_stdev": 0.0658375407648298,
  "cpl_unmatched_mean": 40.60184765194609,
  "cpl_unmatched_stdev": 5.0242958677880805e-15,
  "r_squared_c": 0.989856812199819,
  "r_squared_c_stdev": 0.00018022476548029714,
  "per_seed": [
    {
      "seed": 0,
      "metrics": {
        "n_nets": 3380,
        "n_matched": 3169,
        "n_unmatched": 211,
        "tot_mape_mean": 8.08581165524986,
        "tot_mape_median": 5.7648359018801285,
        "tot_mape_p95": 24.45494290052682,
        "gnd_mape_matched_mean": 27.367880845989188,
        "gnd_mape_matched_median": 20.003491295191285,
        "gnd_mape_unmatched_mean": 35.60635858809757,
        "cpl_mape_matched_mean": 18.775623407463428,
        "cpl_mape_matched_median": 14.19734658191992,
        "cpl_mape_unmatched_mean": 40.601847651946095,
        "r_squared_c": 0.9897476807726453,
        "seed": 0
      },
      "runtime": {
        "plate_build_s": 0.0004631010815501213,
        "index_pass_s": 9.990540251135826,
        "kdtree_build_s": 0.025291524827480316,
        "spef_write_s": 17.90511583001353,
        "nets_written": 3380,
        "nets_skipped": 0,
        "nets_total": 3380,
        "n_workers_pass2": 16,
        "chunksize_pass2": 52,
        "redistribute_nodes": false,
        "wall_clock_s": 27.934654630022123
      }
    },
    {
      "seed": 1,
      "metrics": {
        "n_nets": 3380,
        "n_matched": 3169,
        "n_unmatched": 211,
        "tot_mape_mean": 8.09529292903302,
        "tot_mape_median": 5.738043898255128,
        "tot_mape_p95": 24.397220728908962,
        "gnd_mape_matched_mean": 27.330858036986704,
        "gnd_mape_matched_median": 20.14590364435621,
        "gnd_mape_unmatched_mean": 35.606358588097564,
        "cpl_mape_matched_mean": 18.753655512000208,
        "cpl_mape_matched_median": 14.169679456731215,
        "cpl_mape_unmatched_mean": 40.60184765194608,
        "r_squared_c": 0.9899383805401567,
        "seed": 1
      },
      "runtime": {
        "plate_build_s": 0.00045912107452750206,
        "index_pass_s": 10.124227289110422,
        "kdtree_build_s": 0.027182908030226827,
        "spef_write_s": 18.314062926918268,
        "nets_written": 3380,
        "nets_skipped": 0,
        "nets_total": 3380,
        "n_workers_pass2": 16,
        "chunksize_pass2": 52,
        "redistribute_nodes": false,
        "wall_clock_s": 28.47651401394978
      }
    },
    {
      "seed": 2,
      "metrics": {
        "n_nets": 3380,
        "n_matched": 3169,
        "n_unmatched": 211,
        "tot_mape_mean": 8.106383575371549,
        "tot_mape_median": 5.768804744765747,
        "tot_mape_p95": 24.19210813251497,
        "gnd_mape_matched_mean": 27.263182495684863,
        "gnd_mape_matched_median": 19.872987004055705,
        "gnd_mape_unmatched_mean": 35.606358588097564,
        "cpl_mape_matched_mean": 18.650458854184333,
        "cpl_mape_matched_median": 14.25893490933843,
        "cpl_mape_unmatched_mean": 40.60184765194609,
        "r_squared_c": 0.9901352767017709,
        "seed": 2
      },
      "runtime": {
        "plate_build_s": 0.00047251000069081783,
        "index_pass_s": 10.154197891941294,
        "kdtree_build_s": 0.024551263079047203,
        "spef_write_s": 18.549673025961965,
        "nets_written": 3380,
        "nets_skipped": 0,
        "nets_total": 3380,
        "n_workers_pass2": 16,
        "chunksize_pass2": 52,
        "redistribute_nodes": false,
        "wall_clock_s": 28.74785574618727
      }
    },
    {
      "seed": 3,
      "metrics": {
        "n_nets": 3380,
        "n_matched": 3169,
        "n_unmatched": 211,
        "tot_mape_mean": 7.9971280108042135,
        "tot_mape_median": 5.620552405204614,
        "tot_mape_p95": 24.188080877879827,
        "gnd_mape_matched_mean": 26.810154321220416,
        "gnd_mape_matched_median": 19.712216327519037,
        "gnd_mape_unmatched_mean": 35.60635858809757,
        "cpl_mape_matched_mean": 18.62078265522684,
        "cpl_mape_matched_median": 13.995103179684243,
        "cpl_mape_unmatched_mean": 40.60184765194609,
        "r_squared_c": 0.9897655854818471,
        "seed": 3
      },
      "runtime": {
        "plate_build_s": 0.000468370970338583,
        "index_pass_s": 10.075058941030875,
        "kdtree_build_s": 0.026632487075403333,
        "spef_write_s": 18.1111254459247,
        "nets_written": 3380,
        "nets_skipped": 0,
        "nets_total": 3380,
        "n_workers_pass2": 16,
        "chunksize_pass2": 52,
        "redistribute_nodes": false,
        "wall_clock_s": 28.225886738160625
      }
    },
    {
      "seed": 4,
      "metrics": {
        "n_nets": 3380,
        "n_matched": 3169,
        "n_unmatched": 211,
        "tot_mape_mean": 8.097805299205584,
        "tot_mape_median": 5.772574921498462,
        "tot_mape_p95": 24.52756512420349,
        "gnd_mape_matched_mean": 27.24835284791474,
        "gnd_mape_matched_median": 19.84527296324054,
        "gnd_mape_unmatched_mean": 35.606358588097564,
        "cpl_mape_matched_mean": 18.703815931646993,
        "cpl_mape_matched_median": 14.116417985856126,
        "cpl_mape_unmatched_mean": 40.60184765194609,
        "r_squared_c": 0.989697137502675,
        "seed": 4
      },
      "runtime": {
        "plate_build_s": 0.00047577102668583393,
        "index_pass_s": 10.173449316993356,
        "kdtree_build_s": 0.02511243405751884,
        "spef_write_s": 18.40816506394185,
        "nets_written": 3380,
        "nets_skipped": 0,
        "nets_total": 3380,
        "n_workers_pass2": 16,
        "chunksize_pass2": 52,
        "redistribute_nodes": false,
        "wall_clock_s": 28.619045577012002
      }
    }
  ]
}