{
  "method": "HybridPexV3MeshInputSubsetClampNorm + per-seed LGBM residual calibration (8 features)",
  "per_seed": [
    {
      "seed": 0,
      "gnd_median": 0.20800764737492375,
      "gnd_mean": 0.25266424207558225,
      "cpl_median": 0.15372827285240304,
      "cpl_mean": 0.22262614423654445,
      "total_median": 0.06460068901479295,
      "total_mean": 0.07923798412784999,
      "nova_total_median": 0.06478796361275488,
      "nova_gnd_median": 0.20845121852270077,
      "nova_cpl_median": 0.154298282636935,
      "tv80s_total_median": 0.06070990649466051,
      "tv80s_gnd_median": 0.1948127489006987,
      "tv80s_cpl_median": 0.14176545487738315,
      "f1_total_median": 0.07800549009159245,
      "f2-5_total_median": 0.07092776738473777,
      "f6-20_total_median": 0.06131955737091135,
      "f>20_total_median": 0.05395142659467471,
      "top50_gnd_median_raw": 2.591108180046878,
      "top50_gnd_median_corr": 2.9399411958604587
    },
    {
      "seed": 1,
      "gnd_median": 0.20182905890092714,
      "gnd_mean": 0.24653467499630152,
      "cpl_median": 0.1539604582174632,
      "cpl_mean": 0.2276527086852836,
      "total_median": 0.06363936982673311,
      "total_mean": 0.07835779550893553,
      "nova_total_median": 0.0637533557052181,
      "nova_gnd_median": 0.20223272196384098,
      "nova_cpl_median": 0.15438047922792036,
      "tv80s_total_median": 0.060799524711348356,
      "tv80s_gnd_median": 0.18613532450382386,
      "tv80s_cpl_median": 0.14222072902172855,
      "f1_total_median": 0.07380058667002966,
      "f2-5_total_median": 0.06971382853050284,
      "f6-20_total_median": 0.0631088410844856,
      "f>20_total_median": 0.0541228148058527,
      "top50_gnd_median_raw": 2.374109058401147,
      "top50_gnd_median_corr": 2.6843574892237934
    },
    {
      "seed": 2,
      "gnd_median": 0.20475538272279864,
      "gnd_mean": 0.2501094324766344,
      "cpl_median": 0.1535634469300326,
      "cpl_mean": 0.2218824180639568,
      "total_median": 0.06504524869973283,
      "total_mean": 0.07946195257550066,
      "nova_total_median": 0.06516699538825205,
      "nova_gnd_median": 0.20535141387082678,
      "nova_cpl_median": 0.15408163636943617,
      "tv80s_total_median": 0.06172418194225836,
      "tv80s_gnd_median": 0.1888926646484309,
      "tv80s_cpl_median": 0.13795444091785852,
      "f1_total_median": 0.07781338099786142,
      "f2-5_total_median": 0.06604983221900756,
      "f6-20_total_median": 0.06298931356627492,
      "f>20_total_median": 0.05410118511932155,
      "top50_gnd_median_raw": 2.3822462860583817,
      "top50_gnd_median_corr": 2.7146935812788273
    },
    {
      "seed": 3,
      "gnd_median": 0.18723513312465054,
      "gnd_mean": 0.23737318942556754,
      "cpl_median": 0.1518191554922359,
      "cpl_mean": 0.21218984878567518,
      "total_median": 0.062467114226768435,
      "total_mean": 0.0760735855846089,
      "nova_total_median": 0.06251364476112796,
      "nova_gnd_median": 0.18739078219264535,
      "nova_cpl_median": 0.15235680760613612,
      "tv80s_total_median": 0.06136191970717107,
      "tv80s_gnd_median": 0.18374499374301675,
      "tv80s_cpl_median": 0.13896859002198225,
      "f1_total_median": 0.07183653413560281,
      "f2-5_total_median": 0.06459964222181666,
      "f6-20_total_median": 0.06084807949560601,
      "f>20_total_median": 0.05415133830392624,
      "top50_gnd_median_raw": 2.9672524144466137,
      "top50_gnd_median_corr": 3.044668348397704
    },
    {
      "seed": 4,
      "gnd_median": 0.1956532252136407,
      "gnd_mean": 0.24402875289384848,
      "cpl_median": 0.1531611947419278,
      "cpl_mean": 0.21498866134842437,
      "total_median": 0.06309474396806328,
      "total_mean": 0.07799835320720758,
      "nova_total_median": 0.06324878156989719,
      "nova_gnd_median": 0.1958648166449007,
      "nova_cpl_median": 0.15363972361713263,
      "tv80s_total_median": 0.058965351899144106,
      "tv80s_gnd_median": 0.18840882306300807,
      "tv80s_cpl_median": 0.1396131401483179,
      "f1_total_median": 0.07537450106831053,
      "f2-5_total_median": 0.07928776096591025,
      "f6-20_total_median": 0.06026172991878581,
      "f>20_total_median": 0.05315824817519158,
      "top50_gnd_median_raw": 2.6806609386684443,
      "top50_gnd_median_corr": 2.786404833946636
    }
  ],
  "aggregate": {
    "total_median": 0.06363936982673311,
    "total_mean": 0.06376943314721813,
    "total_std": 0.0010591090793423315,
    "gnd_median": 0.20182905890092714,
    "cpl_median": 0.1535634469300326,
    "cohens_d_total": -5.966502965512704,
    "mwu_p_total": 0.007936507936507936,
    "bootstrap_ci_total": [
      0.062467114226768435,
      0.06504524869973283
    ],
    "paired_per_net_wilcoxon_p": 0.0,
    "paired_per_net_median_delta": -0.021847045446162932
  }
}