{
  "split": "canonical (configs/config.py)",
  "DESIGNS_TRAIN": [
    "intel22_aes_cipher_top_f3",
    "intel22_gcd_f3",
    "intel22_ibex_core_f3",
    "intel22_ldpc_decoder_802_3an_f3",
    "intel22_mc_top_f3",
    "intel22_spi_top_f3",
    "intel22_usbf_top_f3",
    "intel22_vga_enh_top_f3",
    "intel22_wb_conmax_top_f3"
  ],
  "DESIGNS_TEST": [
    "intel22_nova_f3",
    "intel22_tv80s_f3"
  ],
  "R": {
    "stage1": {
      "intel22_nova_f3": {
        "n": 118960,
        "mape_mean": 4.021477180996156,
        "mape_median": 2.3598377953686636,
        "mape_p90": 8.434325465673822,
        "bias": -0.5293398803294279,
        "ci_95": [
          3.987379010417279,
          4.054535373056702
        ]
      },
      "intel22_tv80s_f3": {
        "n": 3380,
        "mape_mean": 3.2988857444845743,
        "mape_median": 2.064607368991653,
        "mape_p90": 7.381575623369939,
        "bias": -0.36322749874665883,
        "ci_95": [
          3.160372806424535,
          3.432512847051792
        ]
      },
      "combined": {
        "n": 122340,
        "mape_mean": 4.001513481017333,
        "mape_median": 2.351744306558443,
        "mape_p90": 8.396292755621634,
        "bias": -0.5247505403772474,
        "ci_95": [
          3.9688425205957656,
          4.03374256411146
        ]
      }
    },
    "stage2": {
      "intel22_nova_f3": {
        "n": 118960,
        "mape_mean": 4.452036856447321,
        "mape_median": 3.1612741205813735,
        "mape_p90": 9.354617554645323,
        "bias": 1.3049481940365537,
        "ci_95": [
          4.4257119435832415,
          4.481719729364988
        ]
      },
      "intel22_tv80s_f3": {
        "n": 3380,
        "mape_mean": 2.9555979249455056,
        "mape_median": 2.0569655089759697,
        "mape_p90": 6.7163375754724886,
        "bias": 0.4124750958440973,
        "ci_95": [
          2.8522633812141867,
          3.061123896469086
        ]
      },
      "combined": {
        "n": 122340,
        "mape_mean": 4.410693358094565,
        "mape_median": 3.1231562545117266,
        "mape_p90": 9.310807355929043,
        "bias": 1.2802910167283101,
        "ci_95": [
          4.382844952733789,
          4.438131936258284
        ]
      }
    },
    "stage3": {
      "intel22_nova_f3": {
        "n": 118960,
        "mape_mean": 4.4175966713598624,
        "mape_median": 3.183720634390747,
        "mape_p90": 9.315211926645661,
        "bias": 1.3757531079562235,
        "ci_95": [
          4.391986169469278,
          4.446066522373511
        ]
      },
      "intel22_tv80s_f3": {
        "n": 3380,
        "mape_mean": 2.916743175881347,
        "mape_median": 2.0183785491692454,
        "mape_p90": 6.648126140347998,
        "bias": 0.43539682743768604,
        "ci_95": [
          2.8173331155227572,
          3.0131029609770397
        ]
      },
      "combined": {
        "n": 122340,
        "mape_mean": 4.376131207777082,
        "mape_median": 3.1413103285243213,
        "mape_p90": 9.265697712347032,
        "bias": 1.3497730178127492,
        "ci_95": [
          4.3491437944237195,
          4.402734687222478
        ]
      }
    },
    "n_train_nets": 144579
  }
}