{
  "stage1_test_MAPE": 26.46927832176544,
  "stage2_test_MAPE": 27.123756258081254,
  "stage3_test_MAPE": 27.123741707733767,
  "stage3_median": 23.209956283597194,
  "stage3_p90": 50.98151027440977,
  "blend_alpha": 5.9608609865491405e-06,
  "stage1_features": [
    "n_pin_PIN",
    "n_pin_inst",
    "nsq_M2",
    "nsq_M3",
    "nsq_M4",
    "nsq_M5",
    "nvian_VIA1_60SX44_68V_44H",
    "nvian_VIA2_44X58S_44H_44V",
    "nvian_VIA3_58SX44_44V_44H",
    "nvian_VIA4_44X58S_44H_44V",
    "one",
    "pin_nsq_M1",
    "rsq_M2",
    "rsq_M3",
    "rsq_M4",
    "v6_cell_area_sum",
    "v6_cell_size_h_sum",
    "v6_cell_size_w_sum",
    "v6_obs_n_via_v0_pin",
    "v6_obs_n_via_v1_pin",
    "v6_obs_signal_area_M1",
    "v6_obs_signal_area_M2",
    "v6_obs_signal_nsq_M1",
    "v6_obs_signal_nsq_M2"
  ],
  "n_seeds": 10
}