{
  "feature_columns": [
    "n_pin_PIN",
    "n_pin_inst",
    "nsq_M1",
    "nsq_M2",
    "nsq_M3",
    "nsq_M4",
    "nsq_M5",
    "nsq_M6",
    "nsq_M7",
    "nsq_M8",
    "nvian_VIA1_60SX44_44H_44H",
    "nvian_VIA1_60SX44_68V_44H",
    "nvian_VIA2_44X58S_44H_44V",
    "nvian_VIA3_58SX44_44V_44H",
    "nvian_VIA4_108X58S_44H_108V",
    "nvian_VIA4_44X58S_44H_44V",
    "nvian_VIA5_58SX160_108V_160H",
    "nvian_VIA6_200X120_160H_540V_44",
    "nvian_VIA7_800X7400_1080V_8600H",
    "one",
    "rsq_M2",
    "rsq_M3",
    "rsq_M4"
  ],
  "coefficients_lbfgsb": {
    "n_pin_PIN": 0.0,
    "n_pin_inst": 13.42392156940082,
    "nsq_M1": 0.0,
    "nsq_M2": 1.1368368415126098,
    "nsq_M3": 1.2383648653794754,
    "nsq_M4": 1.2471930352858747,
    "nsq_M5": 1.987888657134803,
    "nsq_M6": 0.0,
    "nsq_M7": 8.881784197001252e-15,
    "nsq_M8": 0.0,
    "nvian_VIA1_60SX44_44H_44H": 0.0,
    "nvian_VIA1_60SX44_68V_44H": 0.0,
    "nvian_VIA2_44X58S_44H_44V": 14.256957373251492,
    "nvian_VIA3_58SX44_44V_44H": 15.3446776000547,
    "nvian_VIA4_108X58S_44H_108V": 0.0,
    "nvian_VIA4_44X58S_44H_44V": 18.48203763389794,
    "nvian_VIA5_58SX160_108V_160H": 0.0,
    "nvian_VIA6_200X120_160H_540V_44": 0.0,
    "nvian_VIA7_800X7400_1080V_8600H": 0.0,
    "one": 8.773891753315619,
    "rsq_M2": 0.04500705616518622,
    "rsq_M3": 0.03511888053365927,
    "rsq_M4": 0.0
  },
  "per_design_intercepts": {
    "intel22_aes_cipher_top_f3": 1.5820608492719725,
    "intel22_gcd_f3": 0.0,
    "intel22_ibex_core_f3": 1.229446958717104,
    "intel22_mc_top_f3": 0.10519463396145991,
    "intel22_spi_top_f3": 1.2175436105661848,
    "intel22_usbf_top_f3": 0.2917788930530617,
    "intel22_vga_enh_top_f3": 0.756165443017159,
    "intel22_wb_conmax_top_f3": 3.271064492332613,
    "intel22_nova_f3": 0.7352907773637118
  },
  "intercept_avg": 1.0209495175870298,
  "intercept_med": 0.756165443017159
}