{
  "feature_columns": [
    "nsq_M1",
    "nsq_M2",
    "nsq_M3",
    "nsq_M4",
    "nsq_M5",
    "nsq_M6",
    "nsq_M7",
    "nsq_M8",
    "nvian_VIA1_60SX44_44H_44H",
    "nvian_VIA1_60SX44_68V_44H",
    "nvian_VIA2_44X58S_44H_44V",
    "nvian_VIA3_58SX44_44V_44H",
    "nvian_VIA4_108X58S_44H_108V",
    "nvian_VIA4_44X58S_44H_44V",
    "nvian_VIA5_58SX160_108V_160H",
    "nvian_VIA6_200X120_160H_540V_44",
    "nvian_VIA7_800X7400_1080V_8600H",
    "rsq_M2",
    "rsq_M3",
    "rsq_M4"
  ],
  "coefficients_l2": {
    "nsq_M1": 0.0,
    "nsq_M2": 1.225486151628171,
    "nsq_M3": 1.131136955264383,
    "nsq_M4": 1.2084987625776418,
    "nsq_M5": 1.9903098286718932,
    "nsq_M6": 0.0,
    "nsq_M7": 0.0,
    "nsq_M8": 0.0,
    "nvian_VIA1_60SX44_44H_44H": 0.0,
    "nvian_VIA1_60SX44_68V_44H": 0.0,
    "nvian_VIA2_44X58S_44H_44V": 31.212695378027572,
    "nvian_VIA3_58SX44_44V_44H": 13.847592233548532,
    "nvian_VIA4_108X58S_44H_108V": 0.0,
    "nvian_VIA4_44X58S_44H_44V": 18.074077883138916,
    "nvian_VIA5_58SX160_108V_160H": 0.0,
    "nvian_VIA6_200X120_160H_540V_44": 0.0,
    "nvian_VIA7_800X7400_1080V_8600H": 0.0,
    "rsq_M2": 0.0,
    "rsq_M3": 0.0,
    "rsq_M4": 0.11022793025179567
  },
  "coefficients_mape": {
    "nsq_M1": 0.0,
    "nsq_M2": 1.080488998064642,
    "nsq_M3": 1.2186237534202964,
    "nsq_M4": 1.2300762283186812,
    "nsq_M5": 2.031199407126305,
    "nsq_M6": 0.0,
    "nsq_M7": 0.0,
    "nsq_M8": 0.0,
    "nvian_VIA1_60SX44_44H_44H": 0.0,
    "nvian_VIA1_60SX44_68V_44H": 17.87726540221034,
    "nvian_VIA2_44X58S_44H_44V": 14.371562771248746,
    "nvian_VIA3_58SX44_44V_44H": 14.529303415726485,
    "nvian_VIA4_108X58S_44H_108V": 0.0,
    "nvian_VIA4_44X58S_44H_44V": 16.42019047676572,
    "nvian_VIA5_58SX160_108V_160H": 0.0,
    "nvian_VIA6_200X120_160H_540V_44": 0.0,
    "nvian_VIA7_800X7400_1080V_8600H": 0.0,
    "rsq_M2": 0.015220435626973838,
    "rsq_M3": 0.16232171680209406,
    "rsq_M4": 0.11797011709288086
  },
  "train_mape_mape_obj": 4.175264526266386,
  "test_mape_mape_obj": 3.6735329536637544,
  "test_mape_CI": [
    3.5309141318037063,
    3.8199065379188513
  ],
  "test_bias": -0.15132976309058596,
  "n_train_nets": 207360,
  "n_test_nets": 3380
}