{
  "feature_columns": [
    "nsq_M1",
    "nsq_M2",
    "nsq_M3",
    "nsq_M4",
    "nsq_M5",
    "nsq_M6",
    "nsq_M7",
    "nsq_M8",
    "nvian_VIA1_60SX44_44H_44H",
    "nvian_VIA1_60SX44_68V_44H",
    "nvian_VIA2_44X58S_44H_44V",
    "nvian_VIA3_58SX44_44V_44H",
    "nvian_VIA4_108X58S_44H_108V",
    "nvian_VIA4_44X58S_44H_44V",
    "nvian_VIA5_58SX160_108V_160H",
    "nvian_VIA6_200X120_160H_540V_44",
    "nvian_VIA7_800X7400_1080V_8600H",
    "rsq_M2",
    "rsq_M3",
    "rsq_M4"
  ],
  "coefficients_irls": {
    "nsq_M1": 0.0,
    "nsq_M2": 1.0383940994886534,
    "nsq_M3": 1.203729920981371,
    "nsq_M4": 1.2411957871792894,
    "nsq_M5": 2.0056466384534364,
    "nsq_M6": 0.0,
    "nsq_M7": 0.0,
    "nsq_M8": 0.0,
    "nvian_VIA1_60SX44_44H_44H": 0.0,
    "nvian_VIA1_60SX44_68V_44H": 18.056276752185802,
    "nvian_VIA2_44X58S_44H_44V": 14.01153819072245,
    "nvian_VIA3_58SX44_44V_44H": 14.372764975526842,
    "nvian_VIA4_108X58S_44H_108V": 0.0,
    "nvian_VIA4_44X58S_44H_44V": 17.023839098221732,
    "nvian_VIA5_58SX160_108V_160H": 0.0,
    "nvian_VIA6_200X120_160H_540V_44": 0.0,
    "nvian_VIA7_800X7400_1080V_8600H": 0.0,
    "rsq_M2": 0.03205936032729184,
    "rsq_M3": 0.20549949447718432,
    "rsq_M4": 0.0
  },
  "coefficients_log": {
    "nsq_M1": 0.0,
    "nsq_M2": 1.1011034663709915,
    "nsq_M3": 1.2254310673727484,
    "nsq_M4": 1.231402393448834,
    "nsq_M5": 2.037488349020955,
    "nsq_M6": 0.0,
    "nsq_M7": 0.0,
    "nsq_M8": 0.0,
    "nvian_VIA1_60SX44_44H_44H": 0.0,
    "nvian_VIA1_60SX44_68V_44H": 17.903162239207248,
    "nvian_VIA2_44X58S_44H_44V": 14.646651919597144,
    "nvian_VIA3_58SX44_44V_44H": 14.39574665001221,
    "nvian_VIA4_108X58S_44H_108V": 0.0,
    "nvian_VIA4_44X58S_44H_44V": 16.087352676081853,
    "nvian_VIA5_58SX160_108V_160H": 0.0,
    "nvian_VIA6_200X120_160H_540V_44": 0.0,
    "nvian_VIA7_800X7400_1080V_8600H": 0.0,
    "rsq_M2": 0.0,
    "rsq_M3": 0.14132975066231168,
    "rsq_M4": 0.18605227406817793
  },
  "test_MAPE_IRLS": 3.6156939212462302,
  "test_MAPE_LOG": 3.8571146312173497,
  "alpha_train_irls": 1.0018400465727006,
  "alpha_train_log": 0.9859745734516112
}