{
  "linear_coefs": {
    "n_pin_PIN": 0.0,
    "n_pin_inst": 13.424515013463933,
    "nsq_M2": 1.1366156728914598,
    "nsq_M3": 1.2382962421382726,
    "nsq_M4": 1.2464152431462927,
    "nsq_M5": 1.9902928401266797,
    "nvian_VIA1_60SX44_68V_44H": 0.0,
    "nvian_VIA2_44X58S_44H_44V": 14.263663960523301,
    "nvian_VIA3_58SX44_44V_44H": 15.349489645777357,
    "nvian_VIA4_44X58S_44H_44V": 18.420770570070026,
    "one": 8.782043462671854,
    "pin_nsq_M1": 0.0,
    "rsq_M2": 0.044180340751041436,
    "rsq_M3": 0.03798128682640962,
    "rsq_M4": 0.0
  },
  "stage2_features": [
    "n_pin_PIN",
    "n_pin_inst",
    "n_pins",
    "n_pins_matched",
    "n_pins_total",
    "n_segments",
    "n_zero_l_wire",
    "nsq_M2",
    "nsq_M3",
    "nsq_M4",
    "nsq_M5",
    "nvian_VIA1_60SX44_68V_44H",
    "nvian_VIA2_44X58S_44H_44V",
    "nvian_VIA3_58SX44_44V_44H",
    "nvian_VIA4_44X58S_44H_44V",
    "one",
    "pin_nsq_M1",
    "rsq_M2",
    "rsq_M3",
    "rsq_M4",
    "des_intel22_aes_cipher_top_f3",
    "des_intel22_gcd_f3",
    "des_intel22_ibex_core_f3",
    "des_intel22_mc_top_f3",
    "des_intel22_spi_top_f3",
    "des_intel22_usbf_top_f3",
    "des_intel22_vga_enh_top_f3",
    "des_intel22_wb_conmax_top_f3",
    "des_intel22_nova_f3"
  ],
  "stage2_config": {
    "n_estimators": 500,
    "learning_rate": 0.05,
    "num_leaves": 31,
    "max_depth": 4,
    "min_child_samples": 80,
    "reg_lambda": 1.0,
    "objective": "regression_l1",
    "metric": "l1",
    "feature_fraction": 0.85,
    "bagging_fraction": 0.85,
    "bagging_freq": 5
  },
  "n_seeds": 5,
  "test_MAPE_ens": 2.4563406151154976
}