{
  "n_nets": 3380,
  "n_matched": 3169,
  "n_unmatched": 211,
  "tot_mape_mean": 7.054146149864301,
  "tot_mape_median": 5.48444422163195,
  "tot_mape_p95": 18.855240990532167,
  "gnd_mape_matched_mean": 27.330858045709743,
  "gnd_mape_matched_median": 20.145896554169028,
  "gnd_mape_unmatched_mean": 21.49655505850101,
  "cpl_mape_matched_mean": 18.753655310666563,
  "cpl_mape_matched_median": 14.16969064208228,
  "cpl_mape_unmatched_mean": 27.29498779237367,
  "r_squared_c": 0.9934572595055697,
  "seed": 1
}