{
  "index_pass_s": 11.159804770955816,
  "kdtree_build_s": 0.02800366119481623,
  "spef_write_s": 19.813999156933278,
  "nets_written": 3380,
  "nets_skipped": 0,
  "nets_total": 3380,
  "n_workers_pass2": 16,
  "chunksize_pass2": 52,
  "wall_clock_s": 31.0134611800313
}